{"./NYT_156/1000135.ta.xml": {"event_pairs_pwa": [[0, 7], [0, 8], [0, 15], [0, 16], [18, 0], [0, 21], [0, 23], [0, 28], [2, 1], [3, 1], [1, 5], [1, 7], [1, 8], [1, 9], [1, 12], [1, 16], [1, 23], [1, 28], [1, 29], [1, 30], [2, 5], [2, 8], [2, 9], [2, 13], [2, 16], [2, 21], [2, 23], [2, 28], [2, 29], [3, 4], [3, 5], [3, 7], [3, 8], [3, 9], [3, 12], [3, 13], [3, 15], [3, 16], [3, 20], [3, 21], [3, 22], [3, 28], [3, 29], [3, 30], [4, 5], [4, 7], [4, 8], [4, 13], [4, 16], [18, 4], [4, 22], [4, 23], [4, 30], [6, 5], [5, 7], [5, 8], [17, 5], [18, 5], [19, 5], [20, 5], [25, 5], [27, 5], [6, 7], [6, 8], [6, 16], [6, 23], [6, 28], [6, 29], [7, 8], [7, 12], [18, 7], [7, 21], [25, 7], [9, 8], [10, 8], [11, 8], [12, 8], [14, 8], [18, 8], [19, 8], [20, 8], [24, 8], [25, 8], [27, 8], [9, 12], [9, 16], [9, 28], [10, 12], [10, 15], [10, 16], [10, 21], [25, 10], [10, 29], [11, 12], [11, 16], [18, 11], [11, 21], [25, 11], [18, 12], [25, 12], [18, 13], [25, 13], [27, 13], [14, 15], [14, 16], [18, 14], [14, 21], [14, 23], [14, 29], [15, 16], [17, 15], [18, 15], [15, 21], [25, 15], [17, 16], [18, 16], [19, 16], [20, 16], [25, 16], [18, 17], [17, 28], [17, 29], [17, 30], [18, 20], [18, 21], [18, 23], [18, 28], [19, 22], [19, 23], [19, 28], [20, 21], [20, 22], [20, 23], [20, 28], [20, 29], [25, 21], [21, 28], [21, 29], [25, 22], [27, 22], [22, 28], [25, 23], [27, 23], [25, 24], [24, 29], [25, 28], [25, 30], [26, 28], [26, 29], [27, 29]], "conf_pwa": [0.9051998506456327, 0.9372854071015404, 0.9112268557958603, 0.94483090046824, 0.9038551171862632, 0.8947408340438461, 0.8944921255358874, 0.9271581474575848, 0.9593758732142484, 0.915212460778544, 0.8982436168337375, 0.9103004329428822, 0.899630004605434, 0.9010459318496008, 0.9322470362048847, 0.9050543355248358, 0.8962463894664009, 0.9057616815899463, 0.9061836019546136, 0.893603562969912, 0.8993400762547656, 0.89859050571738, 0.8985099918590771, 0.8962569751369429, 0.8987787782884663, 0.8935141806960227, 0.8948977732206201, 0.8945614623684662, 0.9234814434948823, 0.9794214850850416, 0.9007576920645958, 0.9026268378139863, 0.9043081459420612, 0.8971477775881462, 0.8990984801710958, 0.8938654705943868, 0.8925926769985784, 0.8930532878248635, 0.9008711951086358, 0.8972206394856483, 0.8960995181031904, 0.8981640241999558, 0.8994166545946568, 0.8965468644590171, 0.897896919613619, 0.9384238129101611, 0.9272937135828296, 0.8964500390531606, 0.89816876993693, 0.9285091705826325, 0.9160094865918849, 0.898531891793706, 0.9163230476176577, 0.9563396742786711, 0.9696456024289615, 0.9838300966665654, 0.933367885116122, 0.9560032250062417, 0.9149240884444914, 0.9413197348210637, 0.951202043988327, 0.9324249562780311, 0.898065406679319, 0.9008000364455788, 0.8957845021901908, 0.9125832921722238, 0.8927401112567412, 0.9680666048280129, 0.9997712639449613, 0.9084794044832611, 0.9212920424256663, 0.9428135134887595, 0.9289087594037081, 0.939974867419732, 0.9992030515205629, 0.9339898862091254, 0.8996505100599422, 0.9698625339818159, 0.9364534241596344, 0.9509290942538275, 0.9488617098301603, 0.9183139732139919, 0.9239252997655827, 0.9561933482080486, 0.9435434485923623, 0.9157408713765375, 0.9141234065779632, 0.924197083949748, 0.9039532343019319, 0.9041731186517872, 0.8949491438673041, 0.9013552280431121, 0.8948481875144882, 0.944509762756701, 0.8989550864422219, 0.9576815953931117, 0.9270195133813682, 0.9394465733376256, 0.9570306083234775, 0.9443960434455967, 0.9543834079921504, 0.9501494546576513, 0.916036569988713, 0.9051964589883289, 0.899810157264232, 0.8976752014352932, 0.9047405987828249, 0.9158165158388952, 0.8951439015847911, 0.8960124959540123, 0.9098618914863786, 0.955923187154333, 0.9015114013108102, 0.9461863451678595, 0.9569462607582785, 0.9493547771236935, 0.9083782437863641, 0.9275363864123735, 0.9554481248921065, 0.9553265521369267, 0.9455274177596126, 0.9296964425169238, 0.9022430245238874, 0.9331506348056573, 0.9047420949907373, 0.9111628605476657, 0.8985933368923074, 0.9268368875400811, 0.8937673277931573, 0.8989811761922856, 0.8990663530539087, 0.9024711232532903, 0.9112988393562821, 0.8973445307554635, 0.8956903671676817, 0.9524618421468013, 0.9233999098206638, 0.8980367139192421, 0.9071200145761897, 0.9042167899350094, 0.9057343216056519, 0.9537806872715093, 0.9213178171776701, 0.9454603114152884, 0.8925372219445128, 0.8989366151399893, 0.9043877035351775, 0.8977094778082113, 0.9080943146804018, 0.8955704389050761], "timeline_topo_sort_pwa": [26, 27, 25, 24, 10, 19, 6, 3, 2, 1, 9, 18, 20, 17, 14, 11, 4, 30, 22, 13, 5, 0, 23, 15, 16, 7, 21, 29, 28, 12, 8]},